{"wrapper":"div.row.row--product-list","sections":{"banner":{"type":"banner--collection","settings":{"layout":"default","height":0,"horizontalAlignment":"center","verticalAlignment":"middle","showTitle":true,"showNumber":true,"fontSize":"base","showDescription":false,"truncateReadMore":true,"truncateDesc":0,"contentColor":"#ffffff","fillColor":"#508cb4","useCollectionImage":false,"overlayOpacity":0,"overlayColor":"#000000"}},"sort":{"type":"sort","settings":{}},"filters":{"type":"product-list__filters","blocks":{"22724ca0-ab87-4863-ac75-0a507c63616c":{"type":"collectionList","settings":{"expanded":true,"name":"Collections","customList":""}},"filter-01":{"type":"filter","disabled":true,"settings":{"hideDisabled":true,"expanded":true,"useSwatch":true,"useSwatchList":"color, colour"}},"46f2947e-c759-45b8-8199-76b3929fcf31":{"type":"brandList","disabled":true,"settings":{"expanded":true,"name":"Vendors"}},"c4fe34eb-a9bf-4933-b9b2-04cc2ef91615":{"type":"typeList","disabled":true,"settings":{"expanded":false,"name":"Types"}}},"block_order":["22724ca0-ab87-4863-ac75-0a507c63616c","filter-01","46f2947e-c759-45b8-8199-76b3929fcf31","c4fe34eb-a9bf-4933-b9b2-04cc2ef91615"],"settings":{"filter":true}},"content":{"type":"product-list","settings":{"cardDesktop":"4","cardsPerPage":30}},"banner-bottom":{"type":"banner--collection__desc","disabled":true,"settings":{"enabled":false,"layout":"default","height":290,"horizontalAlignment":"center","verticalAlignment":"middle","showTitle":false,"showNumber":true,"fontSize":"medium","showDescription":true,"truncateReadMore":true,"truncateDesc":0,"contentColor":"rgba(0,0,0,0)","fillColor":"rgba(0,0,0,0)","useCollectionImage":false,"overlayOpacity":0,"overlayColor":"#000000"}}},"order":["banner","sort","filters","content","banner-bottom"]}