{"sections":{"8585de97-6625-4eda-9c07-8780f0188da6":{"type":"section__slider--adaptive","blocks":{"ed255c7d-467d-4185-aee0-a54686936f54":{"type":"imageSlideAdaptive","settings":{"horizontalAlignment":"center","verticalAlignment":"middle","padding":16,"contentSpacing":12,"backgroundColor":"rgba(0,0,0,0)","backgroundImage":"shopify:\/\/shop_images\/Bannerknee.png","backgroundImageMobile":"shopify:\/\/shop_images\/Mobile-Banner.png","backgroundPosition":"middle","overlayOpacity":0,"overlayColor":"#000000","slideURL":"","heading":"ELEVATE YOUR WELLNESS JOURNEY","headingColor":"rgba(0,0,0,0)","content":"<p><strong>REVITALIZE | EMPOWER | TRANSFORM<\/strong><\/p>","contentColor":"rgba(0,0,0,0)","button1Text":"Shop Wellness & Relaxation","button1Link":"shopify:\/\/collections\/wellness-and-relaxation","button1Style":"primary","button1Type":"default","button2Text":"Shop All Products","button2Link":"shopify:\/\/collections\/frontpage","button2Style":"primary","button2Type":"default"}}},"block_order":["ed255c7d-467d-4185-aee0-a54686936f54"],"settings":{"custom_id":"","displayFor":"hide-mobile","layout":"default","nomargin":true,"height":100,"contentColor":"rgba(0,0,0,0)","autoplay":true,"slideSpeed":3,"animation":"none","delayAnimation":false}},"4ba4ab0b-8987-46cd-94bf-6768becb4af5":{"type":"section__heading","disabled":true,"custom_css":[],"settings":{"custom_id":"","displayFor":"display--both","layout":"default","nomargin":false,"scopedCSS":"","height":0,"padding":30,"backgroundColor":"rgba(0,0,0,0)","backgroundPosition":"middle","backgroundFilter":"none","backdropIntensity":20,"parallax":false,"backgroundPattern":false,"overlayOpacity":0,"overlayColor":"#000000","heading":"REVITALIZE | EMPOWER | TRANSFORM","headingColor":"#000000","subheading":"ELEVATE YOUR WELLNESS JOURNEY","subheadingColor":"#686363","subheadingPosition":"above","headingAlignment":"center"}},"16265528618af17c6c":{"type":"section__cta","blocks":{"9e4f5179-c104-438b-bb8a-601571dba046":{"type":"customTitle","settings":{"fullWidth":true,"content":"Unleash Your Potential","textColor":"rgba(0,0,0,0)","fontSize":"custom","customFontSize":35,"customFont":true,"customFontFamily":"montserrat_n8"}},"d4f0d558-1269-4cf8-abe8-6759b82ee554":{"type":"richText","settings":{"fullWidth":true,"maxBWidth":100,"content":"<p>Embrace Wellness & Quality<\/p>","detectLists":true,"textColor":"rgba(0,0,0,0)","fontFamily":"base","fontSize":"base"}},"ec0da2c4-f0f8-4c9d-ab79-e1f590d47577":{"type":"separator","settings":{"height":20,"dividerHeight":0,"dividerWidth":50,"dividerColor":"#000000","position":"left"}}},"block_order":["9e4f5179-c104-438b-bb8a-601571dba046","d4f0d558-1269-4cf8-abe8-6759b82ee554","ec0da2c4-f0f8-4c9d-ab79-e1f590d47577"],"settings":{"custom_id":"","displayFor":"display--both","layout":"default","nomargin":false,"scopedCSS":"","height":340,"padding":15,"lineMargin":8,"backgroundColor":"#686363","backgroundImage":"shopify:\/\/shop_images\/bikes-take-the-turn.jpg","backgroundPosition":"middle","backgroundFilter":"none","backdropIntensity":50,"parallax":false,"backgroundPattern":false,"overlayOpacity":0,"overlayColor":"#000000","contentColor":"#ffffff","horizontalAlignment":"center","verticalAlignment":"middle","maxContentWidth":60,"heading":"","headingColor":"rgba(0,0,0,0)","subheading":"","subheadingColor":"rgba(0,0,0,0)","subheadingPosition":"above","headingAlignment":"center"}},"16265529277430f275":{"type":"section__featured-collection","settings":{"custom_id":"","displayFor":"display--both","layout":"default","nomargin":false,"scopedCSS":"","height":390,"padding":35,"backgroundColor":"#efefef","heading":"Best Sellers","headingColor":"#000000","subheading":"","subheadingColor":"rgba(0,0,0,0)","subheadingPosition":"above","headingAlignment":"center","collection":"top-sellers","productCount":30,"showMore":true,"showMoreText":"","showMoreAlignment":"center"}},"92a057c3-56e6-447e-b64a-f0d746b977a7":{"type":"section__image-text","blocks":{"b4d80991-3a15-46d6-857f-846329f84dd6":{"type":"customTitle","settings":{"fullWidth":true,"content":"VE Fit Apparel Line","textColor":"#000000","fontSize":"custom","customFontSize":26,"customFont":false,"customFontFamily":"work_sans_n6"}},"template--14796744687697__92a057c3-56e6-447e-b64a-f0d746b977a7-1673579174ad617983-2":{"type":"button","settings":{"fullWidth":true,"text":"Shop Now","url":"shopify:\/\/collections\/ve-active-wear","icon":"","iconPosition":"icon--left","wideButton":false,"buttonStyle":"primary","buttonType":"default","fontSize":"base","fontFamily":"base","animation":"none","animationDuration":1000,"animationInfinite":true}}},"block_order":["b4d80991-3a15-46d6-857f-846329f84dd6","template--14796744687697__92a057c3-56e6-447e-b64a-f0d746b977a7-1673579174ad617983-2"],"settings":{"custom_id":"","displayFor":"display--both","layout":"default","nomargin":true,"scopedCSS":"","height":0,"padding":20,"lineMargin":21,"backgroundColor":"rgba(0,0,0,0)","backgroundPosition":"middle","backgroundFilter":"none","backdropIntensity":50,"parallax":false,"backgroundPattern":false,"overlayOpacity":0,"overlayColor":"#000000","contentColor":"rgba(0,0,0,0)","horizontalAlignment":"center","verticalAlignment":"middle","imagePosition":"left","imageWidth":"6","image":"shopify:\/\/shop_images\/5-main-2023-men39s-jogging-pants-fashion-sports-pants-streetwear-fitness-sports-clothes-jogging-pants-men39s-fitness-clothes-muscle-sport.png","imageOverlayOpacity":0,"imageOverlayColor":"#000000"}},"bbcb9e06-8a5c-4e2e-9a07-c2599128a1b8":{"type":"section__image-text","blocks":{"beb4fec4-645c-496e-9177-671aa6e49a2c":{"type":"customTitle","settings":{"fullWidth":true,"content":"Revive | 3-in-1 Knee Massager","textColor":"#000000","fontSize":"custom","customFontSize":26,"customFont":false,"customFontFamily":"work_sans_n6"}},"86e840d8-2f1c-4208-ae0a-8ff371ce9d92":{"type":"button","settings":{"fullWidth":true,"text":"Shop Now","url":"shopify:\/\/products\/revive-3-in-1-knee-massager","icon":"","iconPosition":"icon--left","wideButton":false,"buttonStyle":"primary","buttonType":"default","fontSize":"base","fontFamily":"base","animation":"none","animationDuration":1000,"animationInfinite":true}}},"block_order":["beb4fec4-645c-496e-9177-671aa6e49a2c","86e840d8-2f1c-4208-ae0a-8ff371ce9d92"],"settings":{"custom_id":"","displayFor":"display--both","layout":"default","nomargin":true,"scopedCSS":"","height":0,"padding":20,"lineMargin":21,"backgroundColor":"rgba(0,0,0,0)","backgroundPosition":"middle","backgroundFilter":"none","backdropIntensity":50,"parallax":false,"backgroundPattern":false,"overlayOpacity":0,"overlayColor":"#000000","contentColor":"rgba(0,0,0,0)","horizontalAlignment":"center","verticalAlignment":"middle","imagePosition":"left","imageWidth":"6","image":"shopify:\/\/shop_images\/KneeAthlete_05634326-16f9-48e9-85f9-95eb0f726ba0.png","imageOverlayOpacity":0,"imageOverlayColor":"#000000"}},"16b7d33a-85eb-4d03-9352-28e782c3e750":{"type":"section__cta","blocks":{"template--14796744687697__16b7d33a-85eb-4d03-9352-28e782c3e750-1673579172fe1f7492-0":{"type":"title","settings":{"fullWidth":true,"content":"Subscribe & Save","textColor":"rgba(0,0,0,0)","fontFamily":"title","fontSize":"medium"}},"template--14796744687697__16b7d33a-85eb-4d03-9352-28e782c3e750-1673579172fe1f7492-1":{"type":"richText","settings":{"fullWidth":true,"maxBWidth":100,"content":"<p>Join Vigor Edge to Save More<\/p>","detectLists":true,"textColor":"rgba(0,0,0,0)","fontFamily":"base","fontSize":"base"}},"1a489a52-0c4f-4a18-afbe-50f482117539":{"type":"blockNewsletter","settings":{"fullWidth":true,"newsletter":"shopify","inputMaxWidth":390,"inputText":"rgba(0,0,0,0)","inputBackground":"rgba(0,0,0,0)","email":"Your e-mail goes here","buttonType":"primary","submit":"Subscribe"}}},"block_order":["template--14796744687697__16b7d33a-85eb-4d03-9352-28e782c3e750-1673579172fe1f7492-0","template--14796744687697__16b7d33a-85eb-4d03-9352-28e782c3e750-1673579172fe1f7492-1","1a489a52-0c4f-4a18-afbe-50f482117539"],"settings":{"custom_id":"","displayFor":"display--both","layout":"default","nomargin":true,"scopedCSS":"","height":290,"padding":25,"lineMargin":0,"backgroundColor":"#717171","backgroundPosition":"middle","backgroundFilter":"none","backdropIntensity":50,"parallax":false,"backgroundPattern":false,"overlayOpacity":20,"overlayColor":"#508cb4","contentColor":"#ffffff","horizontalAlignment":"center","verticalAlignment":"middle","maxContentWidth":100,"heading":"","headingColor":"rgba(0,0,0,0)","subheading":"","subheadingColor":"rgba(0,0,0,0)","subheadingPosition":"above","headingAlignment":"center"}}},"order":["8585de97-6625-4eda-9c07-8780f0188da6","4ba4ab0b-8987-46cd-94bf-6768becb4af5","16265528618af17c6c","16265529277430f275","92a057c3-56e6-447e-b64a-f0d746b977a7","bbcb9e06-8a5c-4e2e-9a07-c2599128a1b8","16b7d33a-85eb-4d03-9352-28e782c3e750"]}