{"sections":{"banner":{"type":"banner--contact","settings":{"layout":"default","height":50,"horizontalAlignment":"center","verticalAlignment":"middle","fontSize":"medium","contentColor":"rgba(0,0,0,0)","fillColor":"rgba(0,0,0,0)","overlayOpacity":0,"overlayColor":"#000000"}},"contact":{"type":"contact","blocks":{"df4a8a06-9583-48b3-914f-f1a6a8c48831":{"type":"contactFormTextarea","settings":{"name":"Text:","required":true,"placeholder":""}},"245107e7-cb53-4f1b-8bf7-1b6ccc065b50":{"type":"contactFormEmail","settings":{"name":"Email:","placeholder":""}}},"block_order":["df4a8a06-9583-48b3-914f-f1a6a8c48831","245107e7-cb53-4f1b-8bf7-1b6ccc065b50"],"settings":{}},"content":{"type":"page--content","settings":{}}},"order":["banner","contact","content"]}