{"sections":{"breadcrumbs":{"type":"breadcrumbs","disabled":true,"settings":{}},"page":{"type":"product-page__product","blocks":{"ppTitle":{"type":"productPageTitle","settings":{"noMargin":true,"color":"rgba(0,0,0,0)","fontFamily":"base","fontSize":"medium"}},"859b8efe-f718-468b-8ffb-829d28d1b59d":{"type":"productPageReviewStars","disabled":true,"settings":{"noMargin":false}},"ppPrice":{"type":"productPagePrice","settings":{"noMargin":false,"color":"#f58d47","newPriceColor":"rgba(0,0,0,0)","oldPriceColor":"rgba(0,0,0,0)","fontFamily":"base","fontSize":"medium"}},"ppSwatch":{"type":"productPageSwatch","settings":{"noMargin":false}},"ppStock":{"type":"productPageStock","settings":{"noMargin":false,"stockLeft":"10","reduce":8}},"ppATC":{"type":"productPageATC","settings":{"noMargin":true,"stickyATC":"scroll"}},"482ac283-f6d2-4c29-833c-7391ffca9cd3":{"type":"productPageWatching","disabled":true,"settings":{"noMargin":true,"max":"100","customMax":"","interval":8,"iconColor":"rgba(0,0,0,0)","textColor":"rgba(0,0,0,0)"}},"898aaab7-512f-4a2d-8fd7-5b38fdb316e0":{"type":"productPageCountdown","settings":{"noMargin":false,"style":"compact","title":"LIMITED TIME OFFER","text":"The price of this item will revert back to $300 at the end of this countdown."}},"784c97f7-744f-4350-aa26-50ed7b3a56f9":{"type":"productPageInCart","settings":{"noMargin":false,"max":"100","customMax":"","interval":8,"iconColor":"rgba(0,0,0,0)","textColor":"rgba(0,0,0,0)"}},"63687158-b001-45ef-98f0-e9e42fc3371e":{"type":"productPageShare","disabled":true,"settings":{"noMargin":false}},"6363c39c-eb05-4be9-a4ce-59703f8de283":{"type":"productPageDescription","settings":{"heading":"","noMargin":false}},"e4428519-a0dc-4b42-90a7-4b81e6edd697":{"type":"productPageTab","disabled":true,"settings":{"showInline":false,"heading":"Description","content":"description","metafieldNS":"global","metafieldKey":"","page":"","customContent":"<p>Add custom content here!<\/p>"}}},"block_order":["ppTitle","859b8efe-f718-468b-8ffb-829d28d1b59d","ppPrice","ppSwatch","ppStock","ppATC","482ac283-f6d2-4c29-833c-7391ffca9cd3","898aaab7-512f-4a2d-8fd7-5b38fdb316e0","784c97f7-744f-4350-aa26-50ed7b3a56f9","63687158-b001-45ef-98f0-e9e42fc3371e","6363c39c-eb05-4be9-a4ce-59703f8de283","e4428519-a0dc-4b42-90a7-4b81e6edd697"],"settings":{"view":"default","layout":"max-width","galleryStyle":"default","galleryPosition":"left","autoZoom":false,"autoChange":false,"galleryImageFit":"cover","galleryImageGap":16,"productNavigation":true,"productMainImageSize":"crop","imageSticky":true,"imageStickyPosition":100}},"01d7119b-e2fa-47d5-af5a-f955af188d2a":{"type":"section__cta","disabled":true,"blocks":{"a8327aba-a6b9-41a9-bae7-4f33a89298e3":{"type":"html","settings":{"fullWidth":true,"html":"<div id=\"upsell\"><\/div>","customCSS":""}}},"block_order":["a8327aba-a6b9-41a9-bae7-4f33a89298e3"],"settings":{"custom_id":"","displayFor":"display--both","layout":"default","nomargin":true,"scopedCSS":"","height":0,"padding":0,"lineMargin":0,"backgroundColor":"rgba(0,0,0,0)","backgroundPosition":"middle","backgroundFilter":"none","backdropIntensity":50,"parallax":false,"backgroundPattern":false,"overlayOpacity":0,"overlayColor":"#000000","contentColor":"rgba(0,0,0,0)","horizontalAlignment":"center","verticalAlignment":"middle","maxContentWidth":100,"heading":"","headingColor":"rgba(0,0,0,0)","subheading":"","subheadingColor":"rgba(0,0,0,0)","subheadingPosition":"above","headingAlignment":"center"}},"upsell":{"type":"api__upsell--inline","disabled":true,"blocks":{"45f84173-b3ac-43d4-8c45-947d6e559378":{"type":"priceSpecific","disabled":true,"settings":{"conditionType":"mt","condition":"3","upsellProduct1":"30-undulation-rope-battle-rope-with-sleeve-1-5","upsellProduct2":"41-strength-bands","upsellProduct3":"adjustable-hand-grip","heading":"","subheading":""}}},"block_order":["45f84173-b3ac-43d4-8c45-947d6e559378"],"settings":{}},"3cd5a48b-c27b-485d-92c2-6ff4a7753ef2":{"type":"section__cta","blocks":{"8968b5f7-7a38-4920-9b72-a49747974232":{"type":"html","settings":{"fullWidth":true,"html":"<div id=\"reco\"> <\/div>","customCSS":""}}},"block_order":["8968b5f7-7a38-4920-9b72-a49747974232"],"settings":{"custom_id":"","displayFor":"display--both","layout":"default","nomargin":true,"scopedCSS":"","height":0,"padding":0,"lineMargin":0,"backgroundColor":"rgba(0,0,0,0)","backgroundPosition":"middle","backgroundFilter":"none","backdropIntensity":50,"parallax":false,"backgroundPattern":false,"overlayOpacity":0,"overlayColor":"#000000","contentColor":"rgba(0,0,0,0)","horizontalAlignment":"center","verticalAlignment":"middle","maxContentWidth":100,"heading":"","headingColor":"rgba(0,0,0,0)","subheading":"","subheadingColor":"rgba(0,0,0,0)","subheadingPosition":"above","headingAlignment":"center"}},"recommended":{"type":"product-page__recommended","settings":{"enabled":true,"personalizedOffers":true,"layout":"max-width","heading":"Recommended for you","subheading":"CHERRY PICKED PRODUCTS","subheadingPosition":"above","textAlignment":"start","defaultCollection":""}}},"order":["breadcrumbs","page","01d7119b-e2fa-47d5-af5a-f955af188d2a","upsell","3cd5a48b-c27b-485d-92c2-6ff4a7753ef2","recommended"]}