{"current":{"textLogo":"Vigor Edge","defaultLogo":"shopify:\/\/shop_images\/Vigor-Edge-Horizontal.png","mobileLogo":"shopify:\/\/shop_images\/Vigor-Edge-Horizontal.png","favicon":"shopify:\/\/shop_images\/VE-Logo_88c7f253-4b8f-4df4-938d-f1ef67a80e26.png","storeLocation":"5279 Sandy Ave. Se Canton Ohio 44707","storePhone":"+1813-544-4459","sFacebook":"","sInstagram":"","sTwitter":"","baseMaxWidth":"1480","baseBorderRadius":50,"baseBorderRadiusSmall":30,"baseSectionMargin":0,"baseTitle":"#508cb4","baseSecondaryBackground":"#efefef","baseLink":"#508cb4","primaryAccentBackground":"#508cb4","secondaryAccentBackground":"#efefef","secondaryAccentText":"#508cb4","baseAlert":"#f58d47","primaryFont":"montserrat_n4","secondaryFont":"montserrat_n8","headingFontSize":24,"subHeadingFontSize":14,"primaryButtonColorCombo":"primaryCombo","freeShipping":false,"addToCartIcon":"shopping-cart","buyNowType":"filled","buyNowFontSize":"base","buyNowTransform":"uppercase","headerType":"default","cardDesktop":"1-5","cardMobile":"6","baseCardPadding":25,"cardImageFit":"contain","cardImageRatio":"100","cardShowGallery":false,"cardShowBrand":false,"cardShowRating":false,"cardPriceColor":"#f58d47","cardOldPriceColor":"#949494","tagOffset":15,"saleType":"text","tagSaleColor":"#f58d47","collectionCardTextAlign":"center","collectionCardTextSize":"base","collectionCardCustomSize":28,"collectionCardTextFont":"title","variantShowImage":true,"defaultSelector":"swatch","swatchLogic":"aliexpress","swatchCustomColors":"red: #EF0000, blue: #1eaad0, Pink: #edacb9, Purple: #b79ac5, Light Grey: #cccccc, Dark Grey: #6f7171, Army green: #787260, Brown: #af8d6e, Khaki camo: #efdec8, Brown camo: #846c54, Navy blue: #3d4a5f, Red: #3d4a5f, Sky blue: #4f91aa, Flourescent green: #bdf931, Grey camo: \n#444444, White camo: #b9c2c3, Black camo: 2c2c2c, White: #fbfbfb,","cartStyle":"drawer","cartAction":"upsell","multilanguage":true,"shopCurrency":"none","currencyFormat":"money_with_currency_format","OPDynTitle":"","BPDynTitle":"","cartTimer":true,"countdown":true,"recentlyBought":true,"reviewApp":"booster","freeShippingAmount":"0","messenger":true,"messengerID":"#105131099336669","messengerColor":"#f58d47","backTopBtn":false,"backTopBtnMobile":false,"bodyCSS":"@media screen and (min-width: 768px) {\n.main__navigation--center {\n    text-align: left;\n}\n}","jQuery":true,"checkout_logo_image":"shopify:\/\/shop_images\/Vigor-Edge-Horizontal.png","checkout_logo_position":"center","checkout_logo_size":"large","checkout_body_background_color":"#FFFFFF","checkout_sidebar_background_color":"#FFFFFF","sections":{"top-info-bar":{"type":"top-info-bar","blocks":{"df96f44f-b579-4ba2-a13e-cd2b3d346d96":{"type":"social","settings":{"enabled":false,"enabledMobile":false,"align":"auto"}},"1f203170-d024-40d4-bc6d-3935671217ce":{"type":"freeShippingBar","settings":{"enabled":true,"enabledMobile":true,"align":"start","freeText":"Only %AMOUNT% more for free shipping!","gotFreeText":"You are eligible for free shipping!","barHeight":8}}},"block_order":["df96f44f-b579-4ba2-a13e-cd2b3d346d96","1f203170-d024-40d4-bc6d-3935671217ce"],"settings":{"enabled":false,"enabledMobile":false,"layout":"default","height":25,"fontSize":"font__size--small","colorCombo":"customCombo","customFillColor":"#508cb4","customContentColor":"#ffffff"}},"info-badges":{"type":"info-badges","blocks":{"fd5af8ef-fb9f-490a-b4da-4144a48a519d":{"type":"infoBadge","settings":{"icon":"shopping-bag","heading":"This is awesome!","subheading":"This is even more info about how awesome this is!"}},"8f34a1fd-57f1-476d-b533-de18777ba59d":{"type":"infoBadge","settings":{"icon":"shopping-cart","heading":"This is awesome!","subheading":"This is even more info about how awesome this is!"}},"8f34a1fd-b533-de18777ba59d":{"type":"infoBadge","settings":{"icon":"shopping-cart","heading":"This is awesome!","subheading":"There is no way it can get any more awesome?!"}}},"block_order":["fd5af8ef-fb9f-490a-b4da-4144a48a519d","8f34a1fd-57f1-476d-b533-de18777ba59d","8f34a1fd-b533-de18777ba59d"],"settings":{"enabled":false,"displayFor":"display--both","layout":"default","nomargin":true,"scopedCSS":"","height":0,"padding":0,"lineMargin":12,"backgroundColor":"rgba(0,0,0,0)","backgroundPosition":"middle","backgroundFilter":"none","backdropIntensity":50,"parallax":false,"backgroundPattern":false,"overlayOpacity":0,"overlayColor":"#000000","contentColor":"rgba(0,0,0,0)","horizontalAlignment":"end","verticalAlignment":"middle","iconPosition":"icon--left"}},"footer":{"type":"footer","blocks":{"0e188e08-01bf-4244-8aa3-997ce12eca05":{"type":"footerText","settings":{"width":"3","horizontalAlignment":"start","verticalAlignment":"top","heading":"Vigor Edge","text":"<p>Thank you for visiting Vigor Edge. We're honored to serve you. <\/p><p>Managed & Designed by J-Tech Designs, LLC<\/p>"}},"79c988f6-1297-4df0-9e07-f6f74537046f":{"type":"footerLinks","settings":{"width":"3","horizontalAlignment":"start","verticalAlignment":"top","heading":"Links","links":"footer"}},"06e04fbf-1646-47c1-849b-5f2b943d143a":{"type":"footerSocial","settings":{"width":"3","horizontalAlignment":"start","verticalAlignment":"top","heading":"Follow Us"}},"1f6ef6ed-703a-4e8a-a63a-27845f2ffb17":{"type":"footerPayment","settings":{"width":"3","horizontalAlignment":"start","verticalAlignment":"top","heading":"Payment Options","customIcons":true,"icons":"afterpay, american_express, apple_pay, bitcoin, dankort, diners_club, discover, dogecoin, dwolla, forbrugsforeningen, google_pay"}}},"block_order":["0e188e08-01bf-4244-8aa3-997ce12eca05","79c988f6-1297-4df0-9e07-f6f74537046f","06e04fbf-1646-47c1-849b-5f2b943d143a","1f6ef6ed-703a-4e8a-a63a-27845f2ffb17"],"settings":{"layout":"default","fillColor":"#000000","contentColor":"#ffffff","spacing":16}},"subfooter":{"type":"subfooter","blocks":{"text-01":{"type":"footerText","settings":{"width":"auto","horizontalAlignment":"center","verticalAlignment":"middle","heading":"","text":"<p>Designed and developed by <a href=\"https:\/\/boostertheme.com\/\" target=\"_blank\">BoosterTheme™<\/a><\/p>"}}},"block_order":["text-01"],"settings":{"layout":"default","fillColor":"#000000","contentColor":"#ffffff","spacing":0}},"header--default":{"type":"header--default","settings":{"layout":"default","minHeight":140,"borderRadius":0,"shadow":false,"menuLinks":"main-menu","megamenu":true,"logoWidth":200,"logoHeight":0,"sticky":true,"contentMargin":10,"desktopCart":true,"headerBg":"#ffffff","linkColor":"#3d3d3d","accentColor":"#508cb4","hoverStyle":"opacity","tagBgColor":"#000000","tagTextColor":"#ffffff","transparent":false,"linkColorT":"#ffffff","accentColorT":"#efefef","fontSize":"base","customFont":true,"fontFamily":"work_sans_n6","cartIcon":"shopping-basket","mobileLogoPosition":"center","mobileCart":true}},"bottom-info-bar":{"type":"bottom-info-bar","blocks":{"b54b9e48-2165-4357-8647-375c45cf8b47":{"type":"minicart","settings":{"enabled":true,"enabledMobile":true,"align":"auto","cartIcon":"shopping-cart"}}},"block_order":["b54b9e48-2165-4357-8647-375c45cf8b47"],"settings":{"enabled":false,"enabledMobile":false,"layout":"default","height":25,"fontSize":"font__size--small","colorCombo":"primaryCombo","customFillColor":"rgba(0,0,0,0)","customContentColor":"rgba(0,0,0,0)"}},"api__upsell":{"type":"api__upsell","settings":{"defaultCollection":"fitness-accessories"}},"header--logo-top":{"type":"header--logo-top","settings":{"layout":"default","minHeight":0,"borderRadius":0,"shadow":true,"menuLinks":"","megamenu":true,"linkPosition":"center","logoWidth":160,"logoHeight":0,"desktopLogoPosition":"left","sticky":true,"contentMargin":0,"desktopCart":true,"headerBg":"rgba(0,0,0,0)","linkColor":"#000000","accentColor":"#000000","hoverStyle":"fill","tagBgColor":"#000000","tagTextColor":"#ffffff","transparent":false,"linkColorT":"#ffffff","accentColorT":"#efefef","fontSize":"base","customFont":false,"fontFamily":"work_sans_n6","cartIcon":"shopping-cart","mobileLogoPosition":"left","mobileCart":true}},"header--inline-search":{"type":"header--inline-search","settings":{"layout":"default","minHeight":0,"borderRadius":0,"shadow":true,"menuLinks":"","megamenu":true,"linkPosition":"center","logoWidth":160,"logoHeight":0,"desktopLogoPosition":"left","sticky":true,"contentMargin":0,"desktopCart":true,"headerBg":"rgba(0,0,0,0)","linkColor":"#000000","accentColor":"#000000","hoverStyle":"fill","tagBgColor":"#000000","tagTextColor":"#ffffff","transparent":false,"linkColorT":"#ffffff","accentColorT":"#efefef","searchBg":"rgba(0,0,0,0)","searchText":"rgba(0,0,0,0)","fontSize":"base","customFont":false,"fontFamily":"work_sans_n6","cartIcon":"shopping-cart","mobileLogoPosition":"left","mobileCart":true}}},"content_for_index":[],"blocks":{"16278478101612877664":{"type":"shopify:\/\/apps\/pagefly-page-builder\/blocks\/app-embed\/83e179f7-59a0-4589-8c66-c0dddf959200","disabled":false,"settings":{}},"776302416715791028":{"type":"shopify:\/\/apps\/bucks-currency-converter-pro\/blocks\/app-embed\/4f0a9b06-9da4-4a49-b378-2de9d23a3af3","disabled":false,"settings":{}},"124348908681409149":{"type":"shopify:\/\/apps\/simple-bundles-kits\/blocks\/simple-bundles-v2\/e553276b-36b2-446d-b80a-aa47fe5f96ac","disabled":false,"settings":{"select_placeholder":"Please select an option"}},"855628211100114053":{"type":"shopify:\/\/apps\/klaviyo-email-marketing-sms\/blocks\/klaviyo-onsite-embed\/2632fe16-c075-4321-a88b-50b567f42507","disabled":false,"settings":{}}}}}